# author: E. Wes Bethel, Oct 2022
# sample data for use with the plot_3vars.py file
Problem Size,direct,indirect,vector
8M,0,0.177324,0.035763
16M,0,0.473857,0.034273
33M,0,1.5799,0.032783
67M,0,1.8274,0.032969
134M,0,0.717305,0.032037
268M,0,0.732299,0.732299
